dad,dada,dada,dada,dadad,da
Predrag,Janicic,,katedra za racunarstvo i informatiku,matematicki fakultet,
Gordana,Pavlovic Lazetic,M,katedra za racunarstvo i informatiku,matematicki fakultet,
Miodrag,Zivkovic,V,katedra za racunarstvo i informatiku,matematicki fakultet,
Vladimir,Filipovic,J,katedra za racunarstvo i informatiku,matematicki fakultet,
Sasa,Malkov,N,katedra za racunarstvo i informatiku,matematicki fakultet,
Filip,Maric,M,katedra za racunarstvo i informatiku,matematicki fakultet,
Miroslav,Maric,,katedra za racunarstvo i informatiku,matematicki fakultet,
Nenad,Mitic,S,katedra za racunarstvo i informatiku,matematicki fakultet,
Milan,Bankovic,,katedra za racunarstvo i informatiku,matematicki fakultet,
Jelena,Graovac,B,katedra za racunarstvo i informatiku,matematicki fakultet,
Aleksandar,Kartelj,,katedra za racunarstvo i informatiku,matematicki fakultet,
Jovana,Kovacevic,J,katedra za racunarstvo i informatiku,matematicki fakultet,
Vesna,Marinkovic,,katedra za racunarstvo i informatiku,matematicki fakultet,
Mladen,Nikolic,,katedra za racunarstvo i informatiku,matematicki fakultet,
Milena,Vujosevic Janicic,M,katedra za racunarstvo i informatiku,matematicki fakultet,
Sana,Stojanovic Djurdjevic,,katedra za racunarstvo i informatiku,matematicki fakultet,
Stasa,Vujicic Stankovic,,katedra za racunarstvo i informatiku,matematicki fakultet,
Stefan,Miskovic,Z,katedra za racunarstvo i informatiku,matematicki fakultet,
Danijela,Simic,,katedra za racunarstvo i informatiku,matematicki fakultet,
Jelena,Hadzi Puric,Z,katedra za racunarstvo i informatiku,matematicki fakultet,
Ivan,Cukic,,katedra za racunarstvo i informatiku,matematicki fakultet,
Ognjen,Kocic,,katedra za racunarstvo i informatiku,matematicki fakultet,
Mirjana,Maljkovic,,katedra za racunarstvo i informatiku,matematicki fakultet,
Nina,Radojicic,,katedra za racunarstvo i informatiku,matematicki fakultet,
Aleksandra,Kocic,,katedra za racunarstvo i informatiku,matematicki fakultet,
Ana,Spasic,,katedra za racunarstvo i informatiku,matematicki fakultet,
Mirko,Spasic,,katedra za racunarstvo i informatiku,matematicki fakultet,
Biljana,Stojanovic,,katedra za racunarstvo i informatiku,matematicki fakultet,
Ivana,Tanasijevic,D,katedra za racunarstvo i informatiku,matematicki fakultet,
Andjelka,Zecevic,,katedra za racunarstvo i informatiku,matematicki fakultet,
Aleksandar,Veljkovic,,katedra za racunarstvo i informatiku,matematicki fakultet,
Vladimir,Kuzmanovic,,katedra za racunarstvo i informatiku,matematicki fakultet,
Marjana,Solajic,,katedra za racunarstvo i informatiku,matematicki fakultet,
Anja,Bukurov,,katedra za racunarstvo i informatiku,matematicki fakultet,
Nemanja,Micovic,,katedra za racunarstvo i informatiku,matematicki fakultet,
Nikola,Milev,,katedra za racunarstvo i informatiku,matematicki fakultet,
Marinela,Parovic,,katedra za racunarstvo i informatiku,matematicki fakultet,
Milica,Selakovic,,katedra za racunarstvo i informatiku,matematicki fakultet,
Nikola,Simic,,katedra za racunarstvo i informatiku,matematicki fakultet,
Bosko,Nikolic,,katedra za racunarsku tehniku i informatiku,elektrotehnicki fakultet,
Dragan,Milicev,S,katedra za racunarsku tehniku i informatiku,elektrotehnicki fakultet,
Zoran,Jovanovic,M,katedra za racunarsku tehniku i informatiku,elektrotehnicki fakultet,
Jelica,Protic,Z,katedra za racunarsku tehniku i informatiku,elektrotehnicki fakultet,
Milo,Tomasevic,V,katedra za racunarsku tehniku i informatiku,elektrotehnicki fakultet,
Miroslav,Bojovic,,katedra za racunarsku tehniku i informatiku,elektrotehnicki fakultet,
Sanja,Vranes,,katedra za racunarsku tehniku i informatiku,elektrotehnicki fakultet,
Dragan,Bojic,M,katedra za racunarsku tehniku i informatiku,elektrotehnicki fakultet,
Zaharije,Radivojevic,R,katedra za racunarsku tehniku i informatiku,elektrotehnicki fakultet,
Igor,Tartalja,I,katedra za racunarsku tehniku i informatiku,elektrotehnicki fakultet,
Milos,Cvetanovic,M,katedra za racunarsku tehniku i informatiku,elektrotehnicki fakultet,
Djordje,Djurdjevic,M,katedra za racunarsku tehniku i informatiku,elektrotehnicki fakultet,
Zarko,Stanisavljevic,S,katedra za racunarsku tehniku i informatiku,elektrotehnicki fakultet,
Marija,Punt,,katedra za racunarsku tehniku i informatiku,elektrotehnicki fakultet,
Marko,Misic,J,katedra za racunarsku tehniku i informatiku,elektrotehnicki fakultet,
Pavle,Vuletic,V,katedra za racunarsku tehniku i informatiku,elektrotehnicki fakultet,
Sasa,Stojanovic,,katedra za racunarsku tehniku i informatiku,elektrotehnicki fakultet,
Slavko,Gajin,,katedra za racunarsku tehniku i informatiku,elektrotehnicki fakultet,
Drazen,Draskovic,D,katedra za racunarsku tehniku i informatiku,elektrotehnicki fakultet,
Zivojin,Sustran,,katedra za racunarsku tehniku i informatiku,elektrotehnicki fakultet,
Katarina,Milenkovic,,katedra za racunarsku tehniku i informatiku,elektrotehnicki fakultet,
Maja,Vukasovic,,katedra za racunarsku tehniku i informatiku,elektrotehnicki fakultet,
Milana,Prodanov,,katedra za racunarsku tehniku i informatiku,elektrotehnicki fakultet,
Sanja,Delcev,,katedra za racunarsku tehniku i informatiku,elektrotehnicki fakultet,
Stefan,Tubic,,katedra za racunarsku tehniku i informatiku,elektrotehnicki fakultet,
Filip,Hadzic,,katedra za racunarsku tehniku i informatiku,elektrotehnicki fakultet,
Vladimir,Jocovic,,katedra za racunarsku tehniku i informatiku,elektrotehnicki fakultet,
Danko,Miladinovic,,katedra za racunarsku tehniku i informatiku,elektrotehnicki fakultet,
Dragana,Milovancevic,,katedra za racunarsku tehniku i informatiku,elektrotehnicki fakultet,
Jelica,Cincovic,,katedra za racunarsku tehniku i informatiku,elektrotehnicki fakultet,
Jovan,Djukic,,katedra za racunarsku tehniku i informatiku,elektrotehnicki fakultet,
Kristijan,Ziza,,katedra za racunarsku tehniku i informatiku,elektrotehnicki fakultet,
Marko,Micovic,,katedra za racunarsku tehniku i informatiku,elektrotehnicki fakultet,
Tamara,Sekularac,,katedra za racunarsku tehniku i informatiku,elektrotehnicki fakultet,
Uros,Radenkovic,,katedra za racunarsku tehniku i informatiku,elektrotehnicki fakultet,
Aleksandar,Lazic,,katedra za racunarsku tehniku i informatiku,elektrotehnicki fakultet,
Dragisa,Miladinovic,,katedra za racunarsku tehniku i informatiku,elektrotehnicki fakultet,
Nemanja,Kojic,,katedra za racunarsku tehniku i informatiku,elektrotehnicki fakultet,
Nenad,Korolija,,katedra za racunarsku tehniku i informatiku,elektrotehnicki fakultet,
nenad,anicic,,Katedra za informacione sisteme,fakultet organizacionih nauka,
sinisa,vlajic,,Katedra za softversko inzenjerstvo,fakultet organizacionih nauka,
vladan,devedzic,B,Katedra za softversko inzenjerstvo,fakultet organizacionih nauka,
dragan,djuric,O,Katedra za softversko inzenjerstvo,fakultet organizacionih nauka,
jelena,jovanovic,M,Katedra za softversko inzenjerstvo,fakultet organizacionih nauka,
zoran,marjanovic,,Katedra za informacione sisteme,fakultet organizacionih nauka,
dejan,simic,,Katedra za informacione tehnologije,fakultet organizacionih nauka,
dusan,starcevic,B,Katedra za informacione tehnologije,fakultet organizacionih nauka,
sladjan,babarogic,,Katedra za informacione sisteme,fakultet organizacionih nauka,
milica,vuckovic,,Katedra za informacione sisteme,fakultet organizacionih nauka,
sasa,lazarevic,D,Katedra za softversko inzenjerstvo,fakultet organizacionih nauka,
vidan,markovic,,Katedra za informacione sisteme,fakultet organizacionih nauka,
miroslav,minovic,V,Katedra za informacione tehnologije,fakultet organizacionih nauka,
sinisa,neskovic,,Katedra za informacione sisteme,fakultet organizacionih nauka,
ilija,antovic,,Katedra za softversko inzenjerstvo,fakultet organizacionih nauka,
marina,jovanovic milenkovic,,Katedra za informacione tehnologije,fakultet organizacionih nauka,
milos,milic,,Katedra za softversko inzenjerstvo,fakultet organizacionih nauka,
milos,milovanovic,,Katedra za informacione tehnologije,fakultet organizacionih nauka,
ognjen,pantelic,S,Katedra za informacione sisteme,fakultet organizacionih nauka,
marko,petrovic,,Katedra za informacione sisteme,fakultet organizacionih nauka,
dusan,savic,,Katedra za softversko inzenjerstvo,fakultet organizacionih nauka,
bojan,tomic,B,Katedra za softversko inzenjerstvo,fakultet organizacionih nauka,
nina,turajlic,,Katedra za informacione sisteme,fakultet organizacionih nauka,
zoran,sevarac,V,Katedra za softversko inzenjerstvo,fakultet organizacionih nauka,
srdja,bjeladinovic,,Katedra za informacione sisteme,fakultet organizacionih nauka,
marija,bogicevic sretenovic,S,Katedra za informacione tehnologije,fakultet organizacionih nauka,
ivan,milenkovic,,Katedra za informacione tehnologije,fakultet organizacionih nauka,
nikola,milikic,,Katedra za softversko inzenjerstvo,fakultet organizacionih nauka,
elena,milovanovic,,Katedra za informacione sisteme,fakultet organizacionih nauka,
ana,pajic,R,Katedra za informacione sisteme,fakultet organizacionih nauka,
dejan,stojimirovic,,Katedra za informacione sisteme,fakultet organizacionih nauka,
uros,sosevic,,Katedra za informacione tehnologije,fakultet organizacionih nauka,
milos,zlatkovic,,Katedra za informacione sisteme,fakultet organizacionih nauka,
jelena,ljubenovic,,Katedra za informacione sisteme,fakultet organizacionih nauka,
mina,marjanovic,,Katedra za informacione tehnologije,fakultet organizacionih nauka,
bojan,marceta,,Katedra za informacione tehnologije,fakultet organizacionih nauka,
andela,pejanovic,,Katedra za informacione sisteme,fakultet organizacionih nauka,
sofija,prokic,,Katedra za informacione sisteme,fakultet organizacionih nauka,
tatjana,stojanovic,,Katedra za softversko inzenjerstvo,fakultet organizacionih nauka,
